{
  "soc": 98.97050713888889,
  "soh": 1.0294928611111114,
  "usedAh": 0.07206450027777779
}