{
  "soc": 100,
  "soh": -297.1323608373125,
  "usedAh": -20.799265258611875
}